model,task,source,target,pd,pf,f_measure,g_mesure,balance,MCC, AUC
LDJDA,ivy-1.1==>ant-1-3,ivy-1.1,ant-1-3,0.85,0.33333,0.64394,0.74725,0.74153,0.38429,0.77619,
LDJDA,ivy-2.0==>ant-1-3,ivy-2.0,ant-1-3,0.9,0.32381,0.68182,0.77221,0.76036,0.42856,0.81,
LDJDA,jedit-3.2==>ant-1-3,jedit-3.2,ant-1-3,0.4,0.22857,0.35714,0.52683,0.54599,0.144,0.82033,
LDJDA,jedit-4.0==>ant-1-3,jedit-4.0,ant-1-3,0.85,0.31429,0.65385,0.75907,0.75375,0.40089,0.8169,
LDJDA,jedit-4.1==>ant-1-3,jedit-4.1,ant-1-3,0.9,0.32381,0.68182,0.77221,0.76036,0.42856,0.81032,
LDJDA,jedit-4.2==>ant-1-3,jedit-4.2,ant-1-3,0.9,0.30476,0.69231,0.78448,0.7732,0.44544,0.82283,
LDJDA,log4j-1-0==>ant-1-3,log4j-1-0,ant-1-3,0.9,0.32381,0.68182,0.77221,0.76036,0.42856,0.81,
LDJDA,log4j-1-1==>ant-1-3,log4j-1-1,ant-1-3,0.9,0.32381,0.68182,0.77221,0.76036,0.42856,0.81,
LDJDA,lucene-2-0==>ant-1-3,lucene-2-0,ant-1-3,0.9,0.34286,0.67164,0.75963,0.74746,0.41233,0.82652,
LDJDA,lucene-2-2==>ant-1-3,lucene-2-2,ant-1-3,0.9,0.34286,0.67164,0.75963,0.74746,0.41233,0.829,
LDJDA,lucene-2-4==>ant-1-3,lucene-2-4,ant-1-3,0.9,0.34286,0.67164,0.75963,0.74746,0.41233,0.82284,
LDJDA,poi-1-5==>ant-1-3,poi-1-5,ant-1-3,0.5,0.54286,0.34014,0.47761,0.47813,-0.031505,0.66552,
LDJDA,poi-2-0==>ant-1-3,poi-2-0,ant-1-3,0.85,0.33333,0.64394,0.74725,0.74153,0.38429,0.86889,
LDJDA,poi-3-0==>ant-1-3,poi-3-0,ant-1-3,0.85,0.31429,0.65385,0.75907,0.75375,0.40089,0.7919,
LDJDA,synapse-1-0==>ant-1-3,synapse-1-0,ant-1-3,0.87167,0.34603,0.65129,0.74393,0.73292,0.38947,0.78963,
LDJDA,synapse-1-1==>ant-1-3,synapse-1-1,ant-1-3,0.85,0.33333,0.64394,0.74725,0.74153,0.38429,0.87881,
LDJDA,synapse-1-2==>ant-1-3,synapse-1-2,ant-1-3,0.85,0.32381,0.64885,0.7532,0.74766,0.39251,0.78759,
LDJDA,tomcat==>ant-1-3,tomcat,ant-1-3,0.9,0.31429,0.68702,0.77838,0.76679,0.43691,0.81827,
LDJDA,xerces-1-3==>ant-1-3,xerces-1-3,ant-1-3,0.9,0.32381,0.68182,0.77221,0.76036,0.42856,0.81,
LDJDA,xerces-1-4==>ant-1-3,xerces-1-4,ant-1-3,0.85,0.33333,0.64394,0.74725,0.74153,0.38429,0.77714,
LDJDA,ivy-1.1==>ant-1-6,ivy-1.1,ant-1-6,0.77174,0.25097,0.70437,0.76022,0.76012,0.47012,0.78022,
LDJDA,ivy-2.0==>ant-1-6,ivy-2.0,ant-1-6,0.76087,0.23938,0.7,0.76074,0.76074,0.47345,0.78068,
LDJDA,jedit-3.2==>ant-1-6,jedit-3.2,ant-1-6,0.77174,0.23938,0.70858,0.76614,0.76611,0.48261,0.78576,
LDJDA,jedit-4.0==>ant-1-6,jedit-4.0,ant-1-6,0.77174,0.23938,0.70858,0.76614,0.76611,0.48261,0.78576,
LDJDA,jedit-4.1==>ant-1-6,jedit-4.1,ant-1-6,0.77174,0.23552,0.71,0.76809,0.76808,0.48683,0.78668,
LDJDA,jedit-4.2==>ant-1-6,jedit-4.2,ant-1-6,0.77174,0.23166,0.71142,0.77004,0.77003,0.49108,0.78953,
LDJDA,log4j-1-0==>ant-1-6,log4j-1-0,ant-1-6,0.76087,0.24324,0.6986,0.75881,0.7588,0.46925,0.77934,
LDJDA,log4j-1-1==>ant-1-6,log4j-1-1,ant-1-6,0.76087,0.23552,0.7014,0.76267,0.76267,0.47769,0.78471,
LDJDA,lucene-2-0==>ant-1-6,lucene-2-0,ant-1-6,0.77174,0.25097,0.70437,0.76022,0.76012,0.47012,0.77938,
LDJDA,lucene-2-2==>ant-1-6,lucene-2-2,ant-1-6,0.77174,0.2471,0.70577,0.7622,0.76213,0.47425,0.78068,
LDJDA,lucene-2-4==>ant-1-6,lucene-2-4,ant-1-6,0.77174,0.2471,0.70577,0.7622,0.76213,0.47425,0.81085,
LDJDA,poi-1-5==>ant-1-6,poi-1-5,ant-1-6,0.77174,0.23552,0.71,0.76809,0.76808,0.48683,0.78647,
LDJDA,poi-2-0==>ant-1-6,poi-2-0,ant-1-6,0.77174,0.2278,0.71285,0.77197,0.77197,0.49537,0.78576,
LDJDA,poi-3-0==>ant-1-6,poi-3-0,ant-1-6,0.76087,0.22394,0.70565,0.76839,0.76834,0.49057,0.78475,
LDJDA,synapse-1-0==>ant-1-6,synapse-1-0,ant-1-6,0.79348,0.2471,0.72277,0.77265,0.77228,0.49257,0.78773,
LDJDA,synapse-1-1==>ant-1-6,synapse-1-1,ant-1-6,0.77174,0.2471,0.70577,0.7622,0.76213,0.47425,0.78252,
LDJDA,synapse-1-2==>ant-1-6,synapse-1-2,ant-1-6,0.77174,0.23938,0.70858,0.76614,0.76611,0.48261,0.78588,
LDJDA,tomcat==>ant-1-6,tomcat,ant-1-6,0.77174,0.23552,0.71,0.76809,0.76808,0.48683,0.78688,
LDJDA,xerces-1-3==>ant-1-6,xerces-1-3,ant-1-6,0.77174,0.25097,0.70437,0.76022,0.76012,0.47012,0.77824,
LDJDA,xerces-1-4==>ant-1-6,xerces-1-4,ant-1-6,0.76087,0.26255,0.6917,0.74898,0.74889,0.44867,0.77086,
LDJDA,ivy-1.1==>ant-1-7,ivy-1.1,ant-1-7,0.74699,0.27461,0.6547,0.73603,0.73597,0.40501,0.74904,
LDJDA,ivy-2.0==>ant-1-7,ivy-2.0,ant-1-7,0.74699,0.27634,0.65401,0.73514,0.73507,0.40326,0.74854,
LDJDA,jedit-3.2==>ant-1-7,jedit-3.2,ant-1-7,0.74699,0.27807,0.65332,0.73425,0.73417,0.40151,0.74729,
LDJDA,jedit-4.0==>ant-1-7,jedit-4.0,ant-1-7,0.74699,0.28152,0.65195,0.73246,0.73235,0.39802,0.74487,
LDJDA,jedit-4.1==>ant-1-7,jedit-4.1,ant-1-7,0.74699,0.27634,0.65401,0.73514,0.73507,0.40326,0.74854,
LDJDA,jedit-4.2==>ant-1-7,jedit-4.2,ant-1-7,0.74699,0.27288,0.65539,0.73692,0.73686,0.40677,0.75044,
LDJDA,log4j-1-0==>ant-1-7,log4j-1-0,ant-1-7,0.74699,0.27634,0.65401,0.73514,0.73507,0.40326,0.74831,
LDJDA,log4j-1-1==>ant-1-7,log4j-1-1,ant-1-7,0.74699,0.27634,0.65401,0.73514,0.73507,0.40326,0.74834,
LDJDA,lucene-2-0==>ant-1-7,lucene-2-0,ant-1-7,0.74699,0.28152,0.65195,0.73246,0.73235,0.39802,0.74512,
LDJDA,lucene-2-2==>ant-1-7,lucene-2-2,ant-1-7,0.74699,0.28152,0.65195,0.73246,0.73235,0.39802,0.74512,
LDJDA,lucene-2-4==>ant-1-7,lucene-2-4,ant-1-7,0.74699,0.27979,0.65263,0.73335,0.73326,0.39976,0.74604,
LDJDA,poi-1-5==>ant-1-7,poi-1-5,ant-1-7,0.74096,0.27979,0.64805,0.73044,0.73039,0.39487,0.7425,
LDJDA,poi-2-0==>ant-1-7,poi-2-0,ant-1-7,0.74096,0.27807,0.64873,0.73133,0.73128,0.39662,0.74297,
LDJDA,poi-3-0==>ant-1-7,poi-3-0,ant-1-7,0.73494,0.27807,0.64414,0.72838,0.72836,0.39172,0.74019,
LDJDA,synapse-1-0==>ant-1-7,synapse-1-0,ant-1-7,0.74699,0.28152,0.65195,0.73246,0.73235,0.39802,0.74512,
LDJDA,synapse-1-1==>ant-1-7,synapse-1-1,ant-1-7,0.74699,0.28152,0.65195,0.73246,0.73235,0.39802,0.74488,
LDJDA,synapse-1-2==>ant-1-7,synapse-1-2,ant-1-7,0.74699,0.28152,0.65195,0.73246,0.73235,0.39802,0.74515,
LDJDA,tomcat==>ant-1-7,tomcat,ant-1-7,0.74699,0.28152,0.65195,0.73246,0.73235,0.39802,0.74487,
LDJDA,xerces-1-3==>ant-1-7,xerces-1-3,ant-1-7,0.75301,0.28325,0.65582,0.73444,0.73426,0.40118,0.74644,
LDJDA,xerces-1-4==>ant-1-7,xerces-1-4,ant-1-7,0.75301,0.27979,0.6572,0.73624,0.7361,0.40465,0.74833,
LDJDA,ant-1-3==>ivy-1.1,ant-1-3,ivy-1.1,0.52381,0.20833,0.55932,0.63047,0.63247,0.32083,0.70238,
LDJDA,ant-1-6==>ivy-1.1,ant-1-6,ivy-1.1,0.53968,0.22917,0.57239,0.63487,0.6364,0.31333,0.69511,
LDJDA,ant-1-7==>ivy-1.1,ant-1-7,ivy-1.1,0.53968,0.22917,0.57239,0.63487,0.6364,0.31333,0.69511,
LDJDA,jedit-3.2==>ivy-1.1,jedit-3.2,ivy-1.1,0.53968,0.16667,0.57823,0.65511,0.65383,0.38104,0.74339,
LDJDA,jedit-4.0==>ivy-1.1,jedit-4.0,ivy-1.1,0.53968,0.16667,0.57823,0.65511,0.65383,0.38104,0.74525,
LDJDA,jedit-4.1==>ivy-1.1,jedit-4.1,ivy-1.1,0.53968,0.1875,0.57627,0.64857,0.64854,0.35815,0.73049,
LDJDA,jedit-4.2==>ivy-1.1,jedit-4.2,ivy-1.1,0.53968,0.16667,0.57823,0.65511,0.65383,0.38104,0.74339,
LDJDA,log4j-1-0==>ivy-1.1,log4j-1-0,ivy-1.1,0.52381,0.1875,0.56122,0.63697,0.63812,0.34354,0.72123,
LDJDA,log4j-1-1==>ivy-1.1,log4j-1-1,ivy-1.1,0.53968,0.1875,0.57627,0.64857,0.64854,0.35815,0.73181,
LDJDA,lucene-2-0==>ivy-1.1,lucene-2-0,ivy-1.1,0.55556,0.22917,0.58725,0.64572,0.64641,0.32824,0.70271,
LDJDA,lucene-2-2==>ivy-1.1,lucene-2-2,ivy-1.1,0.57143,0.22917,0.60201,0.65632,0.65635,0.34317,0.72652,
LDJDA,lucene-2-4==>ivy-1.1,lucene-2-4,ivy-1.1,0.57143,0.22917,0.60201,0.65632,0.65635,0.34317,0.73247,
LDJDA,poi-1-5==>ivy-1.1,poi-1-5,ivy-1.1,0.4127,0.29167,0.44521,0.52153,0.53632,0.12489,0.68997,
LDJDA,poi-2-0==>ivy-1.1,poi-2-0,ivy-1.1,0.53968,0.1875,0.57627,0.64857,0.64854,0.35815,0.74259,
LDJDA,poi-3-0==>ivy-1.1,poi-3-0,ivy-1.1,0.55556,0.20833,0.58923,0.65292,0.65292,0.35036,0.72255,
LDJDA,synapse-1-0==>ivy-1.1,synapse-1-0,ivy-1.1,0.36508,0.125,0.40925,0.5152,0.54243,0.27073,0.72604,
LDJDA,synapse-1-1==>ivy-1.1,synapse-1-1,ivy-1.1,0.52381,0.1875,0.56122,0.63697,0.63812,0.34354,0.72519,
LDJDA,synapse-1-2==>ivy-1.1,synapse-1-2,ivy-1.1,0.52381,0.1875,0.56122,0.63697,0.63812,0.34354,0.71703,
LDJDA,tomcat==>ivy-1.1,tomcat,ivy-1.1,0.28571,0.0625,0.32967,0.43796,0.49299,0.28235,0.75949,
LDJDA,xerces-1-3==>ivy-1.1,xerces-1-3,ivy-1.1,0.53968,0.20833,0.57432,0.64183,0.64272,0.33559,0.71164,
LDJDA,xerces-1-4==>ivy-1.1,xerces-1-4,ivy-1.1,0.55556,0.20833,0.58923,0.65292,0.65292,0.35036,0.72255,
LDJDA,ant-1-3==>ivy-2.0,ant-1-3,ivy-2.0,0.75,0.28846,0.53571,0.73026,0.73008,0.30902,0.77364,
LDJDA,ant-1-6==>ivy-2.0,ant-1-6,ivy-2.0,0.75,0.28526,0.53763,0.73195,0.73179,0.3118,0.77492,
LDJDA,ant-1-7==>ivy-2.0,ant-1-7,ivy-2.0,0.75,0.28526,0.53763,0.73195,0.73179,0.3118,0.77492,
LDJDA,jedit-3.2==>ivy-2.0,jedit-3.2,ivy-2.0,0.75,0.28846,0.53571,0.73026,0.73008,0.30902,0.7504,
LDJDA,jedit-4.0==>ivy-2.0,jedit-4.0,ivy-2.0,0.75,0.28526,0.53763,0.73195,0.73179,0.3118,0.75072,
LDJDA,jedit-4.1==>ivy-2.0,jedit-4.1,ivy-2.0,0.75,0.28526,0.53763,0.73195,0.73179,0.3118,0.76593,
LDJDA,jedit-4.2==>ivy-2.0,jedit-4.2,ivy-2.0,0.75,0.28526,0.53763,0.73195,0.73179,0.3118,0.76957,
LDJDA,log4j-1-0==>ivy-2.0,log4j-1-0,ivy-2.0,0.75,0.29487,0.53191,0.72687,0.72664,0.30353,0.77019,
LDJDA,log4j-1-1==>ivy-2.0,log4j-1-1,ivy-2.0,0.75,0.28526,0.53763,0.73195,0.73179,0.3118,0.77532,
LDJDA,lucene-2-0==>ivy-2.0,lucene-2-0,ivy-2.0,0.75,0.29808,0.53004,0.72517,0.72491,0.30082,0.7505,
LDJDA,lucene-2-2==>ivy-2.0,lucene-2-2,ivy-2.0,0.75,0.29808,0.53004,0.72517,0.72491,0.30082,0.75138,
LDJDA,lucene-2-4==>ivy-2.0,lucene-2-4,ivy-2.0,0.75,0.29487,0.53191,0.72687,0.72664,0.30353,0.75546,
LDJDA,poi-1-5==>ivy-2.0,poi-1-5,ivy-2.0,0.325,0.37821,0.22337,0.42688,0.45289,-0.034932,0.62719,
LDJDA,poi-2-0==>ivy-2.0,poi-2-0,ivy-2.0,0.75,0.30128,0.52817,0.72345,0.72317,0.29813,0.77581,
LDJDA,poi-3-0==>ivy-2.0,poi-3-0,ivy-2.0,0.75,0.29167,0.53381,0.72857,0.72837,0.30626,0.76926,
LDJDA,synapse-1-0==>ivy-2.0,synapse-1-0,ivy-2.0,0.75,0.30449,0.52632,0.72173,0.72142,0.29546,0.73061,
LDJDA,synapse-1-1==>ivy-2.0,synapse-1-1,ivy-2.0,0.75,0.30128,0.52817,0.72345,0.72317,0.29813,0.76635,
LDJDA,synapse-1-2==>ivy-2.0,synapse-1-2,ivy-2.0,0.75,0.29808,0.53004,0.72517,0.72491,0.30082,0.73718,
LDJDA,tomcat==>ivy-2.0,tomcat,ivy-2.0,0.75,0.28205,0.53957,0.73362,0.73349,0.3146,0.80743,
LDJDA,xerces-1-3==>ivy-2.0,xerces-1-3,ivy-2.0,0.75,0.29487,0.53191,0.72687,0.72664,0.30353,0.77027,
LDJDA,xerces-1-4==>ivy-2.0,xerces-1-4,ivy-2.0,0.75,0.29487,0.53191,0.72687,0.72664,0.30353,0.77027,
LDJDA,ant-1-3==>jedit-3.2,ant-1-3,jedit-3.2,0.6,0.18132,0.60403,0.69249,0.68945,0.42237,0.64496,
LDJDA,ant-1-6==>jedit-3.2,ant-1-6,jedit-3.2,0.6,0.18132,0.60403,0.69249,0.68945,0.42237,0.70672,
LDJDA,ant-1-7==>jedit-3.2,ant-1-7,jedit-3.2,0.61111,0.18681,0.61247,0.69781,0.69493,0.42551,0.71313,
LDJDA,ivy-1.1==>jedit-3.2,ivy-1.1,jedit-3.2,0.6,0.17582,0.60538,0.69444,0.69104,0.42924,0.7091,
LDJDA,ivy-2.0==>jedit-3.2,ivy-2.0,jedit-3.2,0.61111,0.19231,0.61111,0.69578,0.69323,0.4188,0.8082,
LDJDA,log4j-1-0==>jedit-3.2,log4j-1-0,jedit-3.2,0.58889,0.17033,0.59685,0.68884,0.68534,0.42628,0.82341,
LDJDA,log4j-1-1==>jedit-3.2,log4j-1-1,jedit-3.2,0.58889,0.17582,0.59551,0.68694,0.68383,0.41932,0.81096,
LDJDA,lucene-2-0==>jedit-3.2,lucene-2-0,jedit-3.2,0.61111,0.20879,0.60706,0.6896,0.68789,0.39908,0.76831,
LDJDA,lucene-2-2==>jedit-3.2,lucene-2-2,jedit-3.2,0.61111,0.2033,0.60841,0.69167,0.68971,0.40559,0.65971,
LDJDA,lucene-2-4==>jedit-3.2,lucene-2-4,jedit-3.2,0.6,0.18681,0.60268,0.69051,0.68783,0.41558,0.82085,
LDJDA,poi-1-5==>jedit-3.2,poi-1-5,jedit-3.2,0.62222,0.54396,0.54369,0.52633,0.5317,0.074383,0.65637,
LDJDA,poi-2-0==>jedit-3.2,poi-2-0,jedit-3.2,0.58889,0.18681,0.59284,0.6831,0.68069,0.40562,0.65176,
LDJDA,poi-3-0==>jedit-3.2,poi-3-0,jedit-3.2,0.64889,0.54615,0.56328,0.52486,0.53479,0.10143,0.71724,
LDJDA,synapse-1-0==>jedit-3.2,synapse-1-0,jedit-3.2,0.6,0.2033,0.59867,0.6845,0.68272,0.39561,0.80161,
LDJDA,synapse-1-1==>jedit-3.2,synapse-1-1,jedit-3.2,0.58889,0.18132,0.59417,0.68503,0.68228,0.41243,0.70589,
LDJDA,synapse-1-2==>jedit-3.2,synapse-1-2,jedit-3.2,0.58889,0.18132,0.59417,0.68503,0.68228,0.41243,0.75746,
LDJDA,tomcat==>jedit-3.2,tomcat,jedit-3.2,0.6,0.19231,0.60134,0.68852,0.68617,0.40885,0.66079,
LDJDA,xerces-1-3==>jedit-3.2,xerces-1-3,jedit-3.2,0.61111,0.18681,0.61247,0.69781,0.69493,0.42551,0.82837,
LDJDA,xerces-1-4==>jedit-3.2,xerces-1-4,jedit-3.2,0.62222,0.19231,0.62084,0.70293,0.70025,0.42873,0.71612,
LDJDA,ant-1-3==>jedit-4.0,ant-1-3,jedit-4.0,0.66667,0.18182,0.63776,0.73469,0.73151,0.45482,0.76541,
LDJDA,ant-1-6==>jedit-4.0,ant-1-6,jedit-4.0,0.65333,0.19481,0.62183,0.72136,0.71882,0.42753,0.69755,
LDJDA,ant-1-7==>jedit-4.0,ant-1-7,jedit-4.0,0.64,0.19481,0.61069,0.71316,0.71056,0.41635,0.69385,
LDJDA,ivy-1.1==>jedit-4.0,ivy-1.1,jedit-4.0,0.66667,0.17749,0.63939,0.73643,0.73297,0.46032,0.76711,
LDJDA,ivy-2.0==>jedit-4.0,ivy-2.0,jedit-4.0,0.66667,0.18615,0.63613,0.73294,0.73004,0.44938,0.76254,
LDJDA,log4j-1-0==>jedit-4.0,log4j-1-0,jedit-4.0,0.66667,0.18182,0.63776,0.73469,0.73151,0.45482,0.76274,
LDJDA,log4j-1-1==>jedit-4.0,log4j-1-1,jedit-4.0,0.66667,0.18615,0.63613,0.73294,0.73004,0.44938,0.76263,
LDJDA,lucene-2-0==>jedit-4.0,lucene-2-0,jedit-4.0,0.66667,0.20779,0.62814,0.72404,0.72225,0.42304,0.74871,
LDJDA,lucene-2-2==>jedit-4.0,lucene-2-2,jedit-4.0,0.66667,0.20346,0.62972,0.72584,0.72386,0.4282,0.75417,
LDJDA,lucene-2-4==>jedit-4.0,lucene-2-4,jedit-4.0,0.65333,0.19913,0.62025,0.71962,0.71731,0.42226,0.76542,
LDJDA,poi-1-5==>jedit-4.0,poi-1-5,jedit-4.0,0.46667,0.58009,0.37313,0.44206,0.4428,-0.098112,0.55827,
LDJDA,poi-2-0==>jedit-4.0,poi-2-0,jedit-4.0,0.66667,0.19048,0.63452,0.73118,0.72853,0.444,0.75061,
LDJDA,poi-3-0==>jedit-4.0,poi-3-0,jedit-4.0,0.49822,0.58384,0.39618,0.44951,0.45305,-0.072766,0.59574,
LDJDA,synapse-1-0==>jedit-4.0,synapse-1-0,jedit-4.0,0.66667,0.19481,0.63291,0.72941,0.727,0.43868,0.75968,
LDJDA,synapse-1-1==>jedit-4.0,synapse-1-1,jedit-4.0,0.68,0.18615,0.64721,0.74093,0.73823,0.46047,0.75014,
LDJDA,synapse-1-2==>jedit-4.0,synapse-1-2,jedit-4.0,0.68,0.19048,0.64557,0.73913,0.73667,0.4551,0.74114,
LDJDA,tomcat==>jedit-4.0,tomcat,jedit-4.0,0.66667,0.18615,0.63613,0.73294,0.73004,0.44938,0.76208,
LDJDA,xerces-1-3==>jedit-4.0,xerces-1-3,jedit-4.0,0.66667,0.19481,0.63291,0.72941,0.727,0.43868,0.76051,
LDJDA,xerces-1-4==>jedit-4.0,xerces-1-4,jedit-4.0,0.68,0.22078,0.63433,0.72624,0.7251,0.41903,0.69928,
LDJDA,ant-1-3==>jedit-4.1,ant-1-3,jedit-4.1,0.6962,0.18026,0.66586,0.75294,0.75021,0.48472,0.807,
LDJDA,ant-1-6==>jedit-4.1,ant-1-6,jedit-4.1,0.70886,0.18884,0.67308,0.75657,0.75462,0.48456,0.79388,
LDJDA,ant-1-7==>jedit-4.1,ant-1-7,jedit-4.1,0.72152,0.18884,0.68345,0.76372,0.76208,0.49506,0.80029,
LDJDA,ivy-1.1==>jedit-4.1,ivy-1.1,jedit-4.1,0.70886,0.18884,0.67308,0.75657,0.75462,0.48456,0.79388,
LDJDA,ivy-2.0==>jedit-4.1,ivy-2.0,jedit-4.1,0.6962,0.19313,0.66106,0.74746,0.74545,0.46876,0.78578,
LDJDA,log4j-1-0==>jedit-4.1,log4j-1-0,jedit-4.1,0.68354,0.18884,0.65217,0.7419,0.73942,0.46346,0.78889,
LDJDA,log4j-1-1==>jedit-4.1,log4j-1-1,jedit-4.1,0.68354,0.18455,0.65375,0.74369,0.74096,0.46879,0.78164,
LDJDA,lucene-2-0==>jedit-4.1,lucene-2-0,jedit-4.1,0.70886,0.18884,0.67308,0.75657,0.75462,0.48456,0.7859,
LDJDA,lucene-2-2==>jedit-4.1,lucene-2-2,jedit-4.1,0.70886,0.19313,0.67146,0.7547,0.75296,0.4793,0.78558,
LDJDA,lucene-2-4==>jedit-4.1,lucene-2-4,jedit-4.1,0.70886,0.19313,0.67146,0.7547,0.75296,0.4793,0.79271,
LDJDA,poi-1-5==>jedit-4.1,poi-1-5,jedit-4.1,0.4557,0.56223,0.37267,0.44655,0.44666,-0.092885,0.59231,
LDJDA,poi-2-0==>jedit-4.1,poi-2-0,jedit-4.1,0.68354,0.19313,0.6506,0.7401,0.73785,0.45819,0.77165,
LDJDA,poi-3-0==>jedit-4.1,poi-3-0,jedit-4.1,0.47173,0.58541,0.38357,0.4402,0.44175,-0.098097,0.5925,
LDJDA,synapse-1-0==>jedit-4.1,synapse-1-0,jedit-4.1,0.6962,0.19313,0.66106,0.74746,0.74545,0.46876,0.77036,
LDJDA,synapse-1-1==>jedit-4.1,synapse-1-1,jedit-4.1,0.6962,0.20172,0.65789,0.74376,0.74214,0.45839,0.7898,
LDJDA,synapse-1-2==>jedit-4.1,synapse-1-2,jedit-4.1,0.6962,0.20172,0.65789,0.74376,0.74214,0.45839,0.76168,
LDJDA,tomcat==>jedit-4.1,tomcat,jedit-4.1,0.6962,0.19742,0.65947,0.74561,0.74381,0.46355,0.72077,
LDJDA,xerces-1-3==>jedit-4.1,xerces-1-3,jedit-4.1,0.70886,0.19742,0.66986,0.75281,0.75126,0.4741,0.79356,
LDJDA,xerces-1-4==>jedit-4.1,xerces-1-4,jedit-4.1,0.73418,0.21459,0.68396,0.75893,0.75843,0.47492,0.79079,
LDJDA,ant-1-3==>jedit-4.2,ant-1-3,jedit-4.2,0.8125,0.24451,0.63107,0.78296,0.78212,0.41095,0.8371,
LDJDA,ant-1-6==>jedit-4.2,ant-1-6,jedit-4.2,0.8125,0.24765,0.62903,0.78127,0.78036,0.40776,0.7933,
LDJDA,ant-1-7==>jedit-4.2,ant-1-7,jedit-4.2,0.8125,0.25705,0.623,0.77617,0.77502,0.39838,0.7886,
LDJDA,ivy-1.1==>jedit-4.2,ivy-1.1,jedit-4.2,0.79167,0.24138,0.61889,0.77479,0.77454,0.4,0.77998,
LDJDA,ivy-2.0==>jedit-4.2,ivy-2.0,jedit-4.2,0.8125,0.24451,0.63107,0.78296,0.78212,0.41095,0.81273,
LDJDA,log4j-1-0==>jedit-4.2,log4j-1-0,jedit-4.2,0.69931,0.20899,0.56578,0.72299,0.72702,0.37152,0.83135,
LDJDA,log4j-1-1==>jedit-4.2,log4j-1-1,jedit-4.2,0.79167,0.24138,0.61889,0.77479,0.77454,0.4,0.83416,
LDJDA,lucene-2-0==>jedit-4.2,lucene-2-0,jedit-4.2,0.8125,0.25392,0.625,0.77788,0.77681,0.40148,0.82623,
LDJDA,lucene-2-2==>jedit-4.2,lucene-2-2,jedit-4.2,0.8125,0.25392,0.625,0.77788,0.77681,0.40148,0.78833,
LDJDA,lucene-2-4==>jedit-4.2,lucene-2-4,jedit-4.2,0.8125,0.25078,0.62701,0.77958,0.77859,0.40461,0.83707,
LDJDA,poi-1-5==>jedit-4.2,poi-1-5,jedit-4.2,0.47917,0.46395,0.3168,0.50601,0.50679,0.010285,0.66893,
LDJDA,poi-2-0==>jedit-4.2,poi-2-0,jedit-4.2,0.8125,0.24451,0.63107,0.78296,0.78212,0.41095,0.79801,
LDJDA,poi-3-0==>jedit-4.2,poi-3-0,jedit-4.2,0.47917,0.48903,0.30997,0.49456,0.49482,-0.0066521,0.66575,
LDJDA,synapse-1-0==>jedit-4.2,synapse-1-0,jedit-4.2,0.8125,0.25078,0.62701,0.77958,0.77859,0.40461,0.82529,
LDJDA,synapse-1-1==>jedit-4.2,synapse-1-1,jedit-4.2,0.8125,0.25078,0.62701,0.77958,0.77859,0.40461,0.79811,
LDJDA,synapse-1-2==>jedit-4.2,synapse-1-2,jedit-4.2,0.8125,0.25078,0.62701,0.77958,0.77859,0.40461,0.81925,
LDJDA,tomcat==>jedit-4.2,tomcat,jedit-4.2,0.8125,0.24451,0.63107,0.78296,0.78212,0.41095,0.82537,
LDJDA,xerces-1-3==>jedit-4.2,xerces-1-3,jedit-4.2,0.83333,0.25392,0.63898,0.7873,0.78523,0.41557,0.79519,
LDJDA,xerces-1-4==>jedit-4.2,xerces-1-4,jedit-4.2,0.8125,0.27273,0.61321,0.76753,0.76597,0.38329,0.78043,
LDJDA,ant-1-3==>log4j-1-0,ant-1-3,log4j-1-0,0.79412,0.19802,0.7377,0.79803,0.79801,0.54316,0.82053,
LDJDA,ant-1-6==>log4j-1-0,ant-1-6,log4j-1-0,0.79412,0.20792,0.7337,0.7931,0.7931,0.53157,0.81625,
LDJDA,ant-1-7==>log4j-1-0,ant-1-7,log4j-1-0,0.79412,0.20792,0.7337,0.7931,0.7931,0.53157,0.81625,
LDJDA,ivy-1.1==>log4j-1-0,ivy-1.1,log4j-1-0,0.79412,0.19802,0.7377,0.79803,0.79801,0.54316,0.81945,
LDJDA,ivy-2.0==>log4j-1-0,ivy-2.0,log4j-1-0,0.82353,0.23762,0.74468,0.79177,0.79071,0.52262,0.81479,
LDJDA,jedit-3.2==>log4j-1-0,jedit-3.2,log4j-1-0,0.79412,0.21782,0.72973,0.7881,0.78806,0.52023,0.8435,
LDJDA,jedit-4.0==>log4j-1-0,jedit-4.0,log4j-1-0,0.82353,0.22772,0.74866,0.79708,0.79629,0.53343,0.85282,
LDJDA,jedit-4.1==>log4j-1-0,jedit-4.1,log4j-1-0,0.79412,0.20792,0.7337,0.7931,0.7931,0.53157,0.8279,
LDJDA,jedit-4.2==>log4j-1-0,jedit-4.2,log4j-1-0,0.44118,0.089109,0.46875,0.59444,0.59986,0.39972,0.844,
LDJDA,lucene-2-0==>log4j-1-0,lucene-2-0,log4j-1-0,0.82353,0.21782,0.75269,0.80232,0.80177,0.54446,0.83491,
LDJDA,lucene-2-2==>log4j-1-0,lucene-2-2,log4j-1-0,0.82353,0.22772,0.74866,0.79708,0.79629,0.53343,0.83652,
LDJDA,lucene-2-4==>log4j-1-0,lucene-2-4,log4j-1-0,0.82353,0.23762,0.74468,0.79177,0.79071,0.52262,0.82136,
LDJDA,poi-1-5==>log4j-1-0,poi-1-5,log4j-1-0,0.44118,0.34653,0.40323,0.52674,0.53504,0.085072,0.7237,
LDJDA,poi-2-0==>log4j-1-0,poi-2-0,log4j-1-0,0.82353,0.24752,0.74074,0.7864,0.78505,0.51201,0.83909,
LDJDA,poi-3-0==>log4j-1-0,poi-3-0,log4j-1-0,0.82353,0.22772,0.74866,0.79708,0.79629,0.53343,0.82178,
LDJDA,synapse-1-0==>log4j-1-0,synapse-1-0,log4j-1-0,0.8098,0.24092,0.73254,0.78232,0.78171,0.50747,0.81341,
LDJDA,synapse-1-1==>log4j-1-0,synapse-1-1,log4j-1-0,0.82353,0.25743,0.73684,0.78096,0.77931,0.5016,0.83601,
LDJDA,synapse-1-2==>log4j-1-0,synapse-1-2,log4j-1-0,0.82353,0.24752,0.74074,0.7864,0.78505,0.51201,0.82329,
LDJDA,tomcat==>log4j-1-0,tomcat,log4j-1-0,0.82353,0.22772,0.74866,0.79708,0.79629,0.53343,0.84508,
LDJDA,xerces-1-3==>log4j-1-0,xerces-1-3,log4j-1-0,0.79412,0.20792,0.7337,0.7931,0.7931,0.53157,0.81625,
LDJDA,xerces-1-4==>log4j-1-0,xerces-1-4,log4j-1-0,0.79412,0.21782,0.72973,0.7881,0.78806,0.52023,0.80955,
LDJDA,ant-1-3==>log4j-1-1,ant-1-3,log4j-1-1,0.72973,0.13889,0.72973,0.79,0.78513,0.59084,0.84864,
LDJDA,ant-1-6==>log4j-1-1,ant-1-6,log4j-1-1,0.72973,0.13889,0.72973,0.79,0.78513,0.59084,0.8461,
LDJDA,ant-1-7==>log4j-1-1,ant-1-7,log4j-1-1,0.72973,0.125,0.7337,0.79579,0.78944,0.60886,0.85135,
LDJDA,ivy-1.1==>log4j-1-1,ivy-1.1,log4j-1-1,0.72973,0.13889,0.72973,0.79,0.78513,0.59084,0.8461,
LDJDA,ivy-2.0==>log4j-1-1,ivy-2.0,log4j-1-1,0.7027,0.13889,0.70652,0.77388,0.76797,0.56766,0.83183,
LDJDA,jedit-3.2==>log4j-1-1,jedit-3.2,log4j-1-1,0.7027,0.15278,0.7027,0.76822,0.76365,0.54992,0.8262,
LDJDA,jedit-4.0==>log4j-1-1,jedit-4.0,log4j-1-1,0.7027,0.15278,0.7027,0.76822,0.76365,0.54992,0.81934,
LDJDA,jedit-4.1==>log4j-1-1,jedit-4.1,log4j-1-1,0.7027,0.15278,0.7027,0.76822,0.76365,0.54992,0.81569,
LDJDA,jedit-4.2==>log4j-1-1,jedit-4.2,log4j-1-1,0.7027,0.15278,0.7027,0.76822,0.76365,0.54992,0.81456,
LDJDA,lucene-2-0==>log4j-1-1,lucene-2-0,log4j-1-1,0.75676,0.15278,0.74866,0.79944,0.79689,0.59663,0.84085,
LDJDA,lucene-2-2==>log4j-1-1,lucene-2-2,log4j-1-1,0.72973,0.15278,0.72581,0.7841,0.78047,0.57331,0.8247,
LDJDA,lucene-2-4==>log4j-1-1,lucene-2-4,log4j-1-1,0.72973,0.16667,0.72193,0.7781,0.77547,0.55622,0.81269,
LDJDA,poi-1-5==>log4j-1-1,poi-1-5,log4j-1-1,0.37838,0.31944,0.37838,0.48635,0.5058,0.058934,0.7382,
LDJDA,poi-2-0==>log4j-1-1,poi-2-0,log4j-1-1,0.75676,0.15278,0.74866,0.79944,0.79689,0.59663,0.8726,
LDJDA,poi-3-0==>log4j-1-1,poi-3-0,log4j-1-1,0.7027,0.13889,0.70652,0.77388,0.76797,0.56766,0.83146,
LDJDA,synapse-1-0==>log4j-1-1,synapse-1-0,log4j-1-1,0.78378,0.18056,0.76316,0.80122,0.80081,0.58693,0.83016,
LDJDA,synapse-1-1==>log4j-1-1,synapse-1-1,log4j-1-1,0.78378,0.16667,0.7672,0.8078,0.80696,0.60324,0.8493,
LDJDA,synapse-1-2==>log4j-1-1,synapse-1-2,log4j-1-1,0.78378,0.16667,0.7672,0.8078,0.80696,0.60324,0.84039,
LDJDA,tomcat==>log4j-1-1,tomcat,log4j-1-1,0.72973,0.15278,0.72581,0.7841,0.78047,0.57331,0.81344,
LDJDA,xerces-1-3==>log4j-1-1,xerces-1-3,log4j-1-1,0.72973,0.13889,0.72973,0.79,0.78513,0.59084,0.8461,
LDJDA,xerces-1-4==>log4j-1-1,xerces-1-4,log4j-1-1,0.7027,0.15278,0.7027,0.76822,0.76365,0.54992,0.82545,
LDJDA,ant-1-3==>lucene-2-0,ant-1-3,lucene-2-0,0.65934,0.26923,0.66372,0.69322,0.69297,0.3911,0.70195,
LDJDA,ant-1-6==>lucene-2-0,ant-1-6,lucene-2-0,0.65934,0.25962,0.66519,0.69752,0.69714,0.40117,0.72295,
LDJDA,ant-1-7==>lucene-2-0,ant-1-7,lucene-2-0,0.65934,0.25,0.66667,0.70175,0.70121,0.4113,0.72411,
LDJDA,ivy-1.1==>lucene-2-0,ivy-1.1,lucene-2-0,0.65934,0.25962,0.66519,0.69752,0.69714,0.40117,0.72604,
LDJDA,ivy-2.0==>lucene-2-0,ivy-2.0,lucene-2-0,0.64835,0.25962,0.65556,0.69132,0.69092,0.3906,0.73499,
LDJDA,jedit-3.2==>lucene-2-0,jedit-3.2,lucene-2-0,0.64835,0.26923,0.6541,0.6871,0.68684,0.38049,0.72512,
LDJDA,jedit-4.0==>lucene-2-0,jedit-4.0,lucene-2-0,0.63736,0.25962,0.64588,0.68502,0.68464,0.38004,0.72944,
LDJDA,jedit-4.1==>lucene-2-0,jedit-4.1,lucene-2-0,0.64835,0.25962,0.65556,0.69132,0.69092,0.3906,0.72947,
LDJDA,jedit-4.2==>lucene-2-0,jedit-4.2,lucene-2-0,0.63736,0.24038,0.64877,0.69314,0.69236,0.40055,0.74317,
LDJDA,log4j-1-0==>lucene-2-0,log4j-1-0,lucene-2-0,0.65934,0.26923,0.66372,0.69322,0.69297,0.3911,0.72467,
LDJDA,log4j-1-1==>lucene-2-0,log4j-1-1,lucene-2-0,0.65934,0.26923,0.66372,0.69322,0.69297,0.3911,0.72729,
LDJDA,poi-1-5==>lucene-2-0,poi-1-5,lucene-2-0,0.51648,0.46154,0.51198,0.52724,0.52734,0.054841,0.65641,
LDJDA,poi-2-0==>lucene-2-0,poi-2-0,lucene-2-0,0.65934,0.25962,0.66519,0.69752,0.69714,0.40117,0.7184,
LDJDA,poi-3-0==>lucene-2-0,poi-3-0,lucene-2-0,0.64835,0.26923,0.6541,0.6871,0.68684,0.38049,0.71155,
LDJDA,synapse-1-0==>lucene-2-0,synapse-1-0,lucene-2-0,0.65934,0.25,0.66667,0.70175,0.70121,0.4113,0.72849,
LDJDA,synapse-1-1==>lucene-2-0,synapse-1-1,lucene-2-0,0.65934,0.25,0.66667,0.70175,0.70121,0.4113,0.73323,
LDJDA,synapse-1-2==>lucene-2-0,synapse-1-2,lucene-2-0,0.65934,0.25,0.66667,0.70175,0.70121,0.4113,0.72697,
LDJDA,tomcat==>lucene-2-0,tomcat,lucene-2-0,0.63736,0.24038,0.64877,0.69314,0.69236,0.40055,0.7406,
LDJDA,xerces-1-3==>lucene-2-0,xerces-1-3,lucene-2-0,0.64835,0.25,0.65702,0.69548,0.69491,0.40077,0.72094,
LDJDA,xerces-1-4==>lucene-2-0,xerces-1-4,lucene-2-0,0.65934,0.26923,0.66372,0.69322,0.69297,0.3911,0.71555,
LDJDA,ant-1-3==>lucene-2-2,ant-1-3,lucene-2-2,0.52083,0.30097,0.54985,0.59692,0.59988,0.21902,0.61536,
LDJDA,ant-1-6==>lucene-2-2,ant-1-6,lucene-2-2,0.51389,0.30097,0.54332,0.59233,0.59572,0.21236,0.601,
LDJDA,ant-1-7==>lucene-2-2,ant-1-7,lucene-2-2,0.52083,0.29126,0.55066,0.60043,0.60349,0.22897,0.60787,
LDJDA,ivy-1.1==>lucene-2-2,ivy-1.1,lucene-2-2,0.52778,0.30097,0.55637,0.60145,0.60403,0.22568,0.61092,
LDJDA,ivy-2.0==>lucene-2-2,ivy-2.0,lucene-2-2,0.47917,0.30097,0.51036,0.56858,0.57465,0.17899,0.60887,
LDJDA,jedit-3.2==>lucene-2-2,jedit-3.2,lucene-2-2,0.48611,0.30097,0.51699,0.57344,0.57889,0.18568,0.6139,
LDJDA,jedit-4.0==>lucene-2-2,jedit-4.0,lucene-2-2,0.48611,0.30097,0.51699,0.57344,0.57889,0.18568,0.61346,
LDJDA,jedit-4.1==>lucene-2-2,jedit-4.1,lucene-2-2,0.48611,0.30097,0.51699,0.57344,0.57889,0.18568,0.61631,
LDJDA,jedit-4.2==>lucene-2-2,jedit-4.2,lucene-2-2,0.47917,0.30097,0.51036,0.56858,0.57465,0.17899,0.6148,
LDJDA,log4j-1-0==>lucene-2-2,log4j-1-0,lucene-2-2,0.49306,0.30097,0.5236,0.57825,0.58312,0.19236,0.60584,
LDJDA,log4j-1-1==>lucene-2-2,log4j-1-1,lucene-2-2,0.49306,0.30097,0.5236,0.57825,0.58312,0.19236,0.60618,
LDJDA,poi-1-5==>lucene-2-2,poi-1-5,lucene-2-2,0.5,0.52427,0.51282,0.48756,0.48772,-0.02394,0.54598,
LDJDA,poi-2-0==>lucene-2-2,poi-2-0,lucene-2-2,0.48611,0.31068,0.51622,0.57015,0.57538,0.17568,0.60891,
LDJDA,poi-3-0==>lucene-2-2,poi-3-0,lucene-2-2,0.55995,0.53333,0.56462,0.49859,0.50442,0.028379,0.56417,
LDJDA,synapse-1-0==>lucene-2-2,synapse-1-0,lucene-2-2,0.48611,0.31068,0.51622,0.57015,0.57538,0.17568,0.59798,
LDJDA,synapse-1-1==>lucene-2-2,synapse-1-1,lucene-2-2,0.47917,0.29126,0.51111,0.57177,0.57804,0.18906,0.61941,
LDJDA,synapse-1-2==>lucene-2-2,synapse-1-2,lucene-2-2,0.48611,0.29126,0.51775,0.57668,0.58232,0.19572,0.60456,
LDJDA,tomcat==>lucene-2-2,tomcat,lucene-2-2,0.48611,0.28155,0.51852,0.57987,0.58566,0.20581,0.62331,
LDJDA,xerces-1-3==>lucene-2-2,xerces-1-3,lucene-2-2,0.48611,0.29126,0.51775,0.57668,0.58232,0.19572,0.59439,
LDJDA,xerces-1-4==>lucene-2-2,xerces-1-4,lucene-2-2,0.5,0.30097,0.53019,0.583,0.58734,0.19903,0.59628,
LDJDA,ant-1-3==>lucene-2-4,ant-1-3,lucene-2-4,0.50246,0.21898,0.54025,0.61151,0.61562,0.28531,0.66483,
LDJDA,ant-1-6==>lucene-2-4,ant-1-6,lucene-2-4,0.52709,0.21898,0.56375,0.62941,0.63149,0.30812,0.71015,
LDJDA,ant-1-7==>lucene-2-4,ant-1-7,lucene-2-4,0.50739,0.20438,0.54613,0.61963,0.62288,0.30539,0.70781,
LDJDA,ivy-1.1==>lucene-2-4,ivy-1.1,lucene-2-4,0.51724,0.21168,0.55497,0.62464,0.62726,0.30671,0.70687,
LDJDA,ivy-2.0==>lucene-2-4,ivy-2.0,lucene-2-4,0.50246,0.21898,0.54025,0.61151,0.61562,0.28531,0.68029,
LDJDA,jedit-3.2==>lucene-2-4,jedit-3.2,lucene-2-4,0.50246,0.21898,0.54025,0.61151,0.61562,0.28531,0.69759,
LDJDA,jedit-4.0==>lucene-2-4,jedit-4.0,lucene-2-4,0.50246,0.21898,0.54025,0.61151,0.61562,0.28531,0.70107,
LDJDA,jedit-4.1==>lucene-2-4,jedit-4.1,lucene-2-4,0.49261,0.21898,0.53079,0.60416,0.60923,0.27618,0.69895,
LDJDA,jedit-4.2==>lucene-2-4,jedit-4.2,lucene-2-4,0.49261,0.21168,0.53135,0.60633,0.61125,0.28397,0.70278,
LDJDA,log4j-1-0==>lucene-2-4,log4j-1-0,lucene-2-4,0.49754,0.21898,0.53552,0.60785,0.61243,0.28075,0.67731,
LDJDA,log4j-1-1==>lucene-2-4,log4j-1-1,lucene-2-4,0.49754,0.21898,0.53552,0.60785,0.61243,0.28075,0.68867,
LDJDA,poi-1-5==>lucene-2-4,poi-1-5,lucene-2-4,0.48768,0.41606,0.51136,0.53149,0.53332,0.070503,0.62922,
LDJDA,poi-2-0==>lucene-2-4,poi-2-0,lucene-2-4,0.49754,0.21898,0.53552,0.60785,0.61243,0.28075,0.65598,
LDJDA,poi-3-0==>lucene-2-4,poi-3-0,lucene-2-4,0.5908,0.46058,0.60266,0.56392,0.56434,0.12812,0.66483,
LDJDA,synapse-1-0==>lucene-2-4,synapse-1-0,lucene-2-4,0.50739,0.22628,0.5444,0.61287,0.61668,0.28216,0.69093,
LDJDA,synapse-1-1==>lucene-2-4,synapse-1-1,lucene-2-4,0.50739,0.22628,0.5444,0.61287,0.61668,0.28216,0.66018,
LDJDA,synapse-1-2==>lucene-2-4,synapse-1-2,lucene-2-4,0.51232,0.21898,0.54968,0.61876,0.62199,0.29443,0.67295,
LDJDA,tomcat==>lucene-2-4,tomcat,lucene-2-4,0.49754,0.21898,0.53552,0.60785,0.61243,0.28075,0.67409,
LDJDA,xerces-1-3==>lucene-2-4,xerces-1-3,lucene-2-4,0.49754,0.19708,0.53723,0.61437,0.61835,0.30417,0.70537,
LDJDA,xerces-1-4==>lucene-2-4,xerces-1-4,lucene-2-4,0.50246,0.19708,0.54198,0.61811,0.62159,0.30869,0.70792,
LDJDA,ant-1-3==>poi-1-5,ant-1-3,poi-1-5,0.49645,0.22917,0.53354,0.60394,0.6088,0.26924,0.56328,
LDJDA,ant-1-6==>poi-1-5,ant-1-6,poi-1-5,0.49645,0.21875,0.53435,0.60711,0.61179,0.2803,0.54425,
LDJDA,ant-1-7==>poi-1-5,ant-1-7,poi-1-5,0.50355,0.21875,0.54116,0.61239,0.61639,0.28688,0.5492,
LDJDA,ivy-1.1==>poi-1-5,ivy-1.1,poi-1-5,0.51064,0.22917,0.54711,0.61432,0.61791,0.28245,0.58562,
LDJDA,ivy-2.0==>poi-1-5,ivy-2.0,poi-1-5,0.48227,0.21875,0.52067,0.59639,0.60257,0.26714,0.75677,
LDJDA,jedit-3.2==>poi-1-5,jedit-3.2,poi-1-5,0.48936,0.21875,0.52752,0.60178,0.60719,0.27372,0.74479,
LDJDA,jedit-4.0==>poi-1-5,jedit-4.0,poi-1-5,0.48227,0.21875,0.52067,0.59639,0.60257,0.26714,0.71233,
LDJDA,jedit-4.1==>poi-1-5,jedit-4.1,poi-1-5,0.46809,0.21875,0.50691,0.58542,0.59332,0.25394,0.56284,
LDJDA,jedit-4.2==>poi-1-5,jedit-4.2,poi-1-5,0.46809,0.20833,0.50769,0.58832,0.59606,0.2652,0.7382,
LDJDA,log4j-1-0==>poi-1-5,log4j-1-0,poi-1-5,0.47518,0.22917,0.51302,0.58793,0.59506,0.24939,0.75188,
LDJDA,log4j-1-1==>poi-1-5,log4j-1-1,poi-1-5,0.48227,0.22917,0.51988,0.59333,0.59965,0.25601,0.75315,
LDJDA,lucene-2-0==>poi-1-5,lucene-2-0,poi-1-5,0.51773,0.23958,0.55303,0.61603,0.61922,0.27815,0.64877,
LDJDA,lucene-2-2==>poi-1-5,lucene-2-2,poi-1-5,0.50355,0.23958,0.53951,0.60588,0.61021,0.26488,0.56246,
LDJDA,lucene-2-4==>poi-1-5,lucene-2-4,poi-1-5,0.51773,0.22917,0.55387,0.61942,0.62244,0.28906,0.71851,
LDJDA,synapse-1-0==>poi-1-5,synapse-1-0,poi-1-5,0.48936,0.25,0.52511,0.59227,0.59797,0.24065,0.71839,
LDJDA,synapse-1-1==>poi-1-5,synapse-1-1,poi-1-5,0.47518,0.25,0.51145,0.58177,0.58894,0.22729,0.52406,
LDJDA,synapse-1-2==>poi-1-5,synapse-1-2,poi-1-5,0.47518,0.23958,0.51223,0.58487,0.59205,0.2383,0.72327,
LDJDA,tomcat==>poi-1-5,tomcat,poi-1-5,0.48227,0.22917,0.51988,0.59333,0.59965,0.25601,0.75015,
LDJDA,xerces-1-3==>poi-1-5,xerces-1-3,poi-1-5,0.49645,0.22917,0.53354,0.60394,0.6088,0.26924,0.55294,
LDJDA,xerces-1-4==>poi-1-5,xerces-1-4,poi-1-5,0.50355,0.23958,0.53951,0.60588,0.61021,0.26488,0.53435,
LDJDA,ant-1-3==>poi-2-0,ant-1-3,poi-2-0,0.59459,0.30686,0.43137,0.6401,0.64048,0.19573,0.77608,
LDJDA,ant-1-6==>poi-2-0,ant-1-6,poi-2-0,0.59459,0.31047,0.42969,0.63855,0.63893,0.19284,0.61835,
LDJDA,ant-1-7==>poi-2-0,ant-1-7,poi-2-0,0.56757,0.31769,0.40856,0.61967,0.62058,0.16923,0.6223,
LDJDA,ivy-1.1==>poi-2-0,ivy-1.1,poi-2-0,0.62162,0.30686,0.44922,0.65544,0.65552,0.21364,0.6758,
LDJDA,ivy-2.0==>poi-2-0,ivy-2.0,poi-2-0,0.59459,0.30325,0.43307,0.64163,0.64201,0.19864,0.58541,
LDJDA,jedit-3.2==>poi-2-0,jedit-3.2,poi-2-0,0.59459,0.30325,0.43307,0.64163,0.64201,0.19864,0.60101,
LDJDA,jedit-4.0==>poi-2-0,jedit-4.0,poi-2-0,0.59459,0.29603,0.43651,0.64468,0.64504,0.20453,0.60485,
LDJDA,jedit-4.1==>poi-2-0,jedit-4.1,poi-2-0,0.59459,0.29964,0.43478,0.64316,0.64353,0.20157,0.65996,
LDJDA,jedit-4.2==>poi-2-0,jedit-4.2,poi-2-0,0.59459,0.29603,0.43651,0.64468,0.64504,0.20453,0.58201,
LDJDA,log4j-1-0==>poi-2-0,log4j-1-0,poi-2-0,0.59459,0.29964,0.43478,0.64316,0.64353,0.20157,0.58746,
LDJDA,log4j-1-1==>poi-2-0,log4j-1-1,poi-2-0,0.59459,0.29964,0.43478,0.64316,0.64353,0.20157,0.60718,
LDJDA,lucene-2-0==>poi-2-0,lucene-2-0,poi-2-0,0.62162,0.31769,0.44402,0.65055,0.65065,0.20498,0.64348,
LDJDA,lucene-2-2==>poi-2-0,lucene-2-2,poi-2-0,0.62162,0.30325,0.45098,0.65705,0.65712,0.21657,0.74209,
LDJDA,lucene-2-4==>poi-2-0,lucene-2-4,poi-2-0,0.59459,0.30686,0.43137,0.6401,0.64048,0.19573,0.5753,
LDJDA,synapse-1-0==>poi-2-0,synapse-1-0,poi-2-0,0.62162,0.31047,0.44747,0.65382,0.65391,0.21073,0.59568,
LDJDA,synapse-1-1==>poi-2-0,synapse-1-1,poi-2-0,0.59459,0.30325,0.43307,0.64163,0.64201,0.19864,0.75507,
LDJDA,synapse-1-2==>poi-2-0,synapse-1-2,poi-2-0,0.59459,0.29964,0.43478,0.64316,0.64353,0.20157,0.58085,
LDJDA,tomcat==>poi-2-0,tomcat,poi-2-0,0.59459,0.30325,0.43307,0.64163,0.64201,0.19864,0.5865,
LDJDA,xerces-1-3==>poi-2-0,xerces-1-3,poi-2-0,0.62162,0.31769,0.44402,0.65055,0.65065,0.20498,0.63926,
LDJDA,xerces-1-4==>poi-2-0,xerces-1-4,poi-2-0,0.62162,0.32491,0.44061,0.64725,0.64734,0.19931,0.64494,
LDJDA,ant-1-3==>poi-3-0,ant-1-3,poi-3-0,0.5089,0.13043,0.55512,0.64205,0.6407,0.377,0.81326,
LDJDA,ant-1-6==>poi-3-0,ant-1-6,poi-3-0,0.50178,0.12422,0.54864,0.63801,0.63692,0.37756,0.68586,
LDJDA,ant-1-7==>poi-3-0,ant-1-7,poi-3-0,0.49822,0.12422,0.54517,0.63512,0.63448,0.3745,0.68761,
LDJDA,ivy-1.1==>poi-3-0,ivy-1.1,poi-3-0,0.50178,0.13043,0.54821,0.63635,0.63583,0.37086,0.68259,
LDJDA,ivy-2.0==>poi-3-0,ivy-2.0,poi-3-0,0.49822,0.13665,0.54432,0.63183,0.63227,0.3611,0.79827,
LDJDA,jedit-3.2==>poi-3-0,jedit-3.2,poi-3-0,0.49822,0.13043,0.54475,0.63348,0.6334,0.36779,0.79748,
LDJDA,jedit-4.0==>poi-3-0,jedit-4.0,poi-3-0,0.49822,0.13043,0.54475,0.63348,0.6334,0.36779,0.66615,
LDJDA,jedit-4.1==>poi-3-0,jedit-4.1,poi-3-0,0.49466,0.13043,0.54128,0.6306,0.63096,0.36472,0.60083,
LDJDA,jedit-4.2==>poi-3-0,jedit-4.2,poi-3-0,0.4911,0.12422,0.53822,0.62931,0.62959,0.36839,0.79744,
LDJDA,log4j-1-0==>poi-3-0,log4j-1-0,poi-3-0,0.49822,0.13043,0.54475,0.63348,0.6334,0.36779,0.68701,
LDJDA,log4j-1-1==>poi-3-0,log4j-1-1,poi-3-0,0.50178,0.13043,0.54821,0.63635,0.63583,0.37086,0.79311,
LDJDA,lucene-2-0==>poi-3-0,lucene-2-0,poi-3-0,0.51246,0.13043,0.55857,0.64487,0.64313,0.38008,0.71231,
LDJDA,lucene-2-2==>poi-3-0,lucene-2-2,poi-3-0,0.50178,0.13665,0.54779,0.63468,0.63469,0.36418,0.6351,
LDJDA,lucene-2-4==>poi-3-0,lucene-2-4,poi-3-0,0.49822,0.13043,0.54475,0.63348,0.6334,0.36779,0.80092,
LDJDA,synapse-1-0==>poi-3-0,synapse-1-0,poi-3-0,0.5089,0.13043,0.55512,0.64205,0.6407,0.377,0.79108,
LDJDA,synapse-1-1==>poi-3-0,synapse-1-1,poi-3-0,0.50178,0.13043,0.54821,0.63635,0.63583,0.37086,0.68022,
LDJDA,synapse-1-2==>poi-3-0,synapse-1-2,poi-3-0,0.49822,0.13043,0.54475,0.63348,0.6334,0.36779,0.67952,
LDJDA,tomcat==>poi-3-0,tomcat,poi-3-0,0.50178,0.13665,0.54779,0.63468,0.63469,0.36418,0.65028,
LDJDA,xerces-1-3==>poi-3-0,xerces-1-3,poi-3-0,0.50534,0.13665,0.55124,0.63752,0.63712,0.36727,0.68347,
LDJDA,xerces-1-4==>poi-3-0,xerces-1-4,poi-3-0,0.50178,0.13665,0.54779,0.63468,0.63469,0.36418,0.68248,
LDJDA,ant-1-3==>synapse-1-0,ant-1-3,synapse-1-0,0.875,0.3617,0.54264,0.73814,0.7294,0.31527,0.8363,
LDJDA,ant-1-6==>synapse-1-0,ant-1-6,synapse-1-0,0.875,0.34752,0.55118,0.74753,0.73885,0.32557,0.8945,
LDJDA,ant-1-7==>synapse-1-0,ant-1-7,synapse-1-0,0.8125,0.33333,0.52419,0.73239,0.72957,0.29833,0.87722,
LDJDA,ivy-1.1==>synapse-1-0,ivy-1.1,synapse-1-0,0.875,0.37589,0.53435,0.72856,0.7199,0.30529,0.90767,
LDJDA,ivy-2.0==>synapse-1-0,ivy-2.0,synapse-1-0,0.875,0.36879,0.53846,0.73337,0.72465,0.31024,0.8228,
LDJDA,jedit-3.2==>synapse-1-0,jedit-3.2,synapse-1-0,0.875,0.34752,0.55118,0.74753,0.73885,0.32557,0.85346,
LDJDA,jedit-4.0==>synapse-1-0,jedit-4.0,synapse-1-0,0.875,0.34043,0.55556,0.75217,0.74357,0.33084,0.84536,
LDJDA,jedit-4.1==>synapse-1-0,jedit-4.1,synapse-1-0,0.875,0.34752,0.55118,0.74753,0.73885,0.32557,0.84885,
LDJDA,jedit-4.2==>synapse-1-0,jedit-4.2,synapse-1-0,0.875,0.34043,0.55556,0.75217,0.74357,0.33084,0.84975,
LDJDA,log4j-1-0==>synapse-1-0,log4j-1-0,synapse-1-0,0.875,0.3617,0.54264,0.73814,0.7294,0.31527,0.83502,
LDJDA,log4j-1-1==>synapse-1-0,log4j-1-1,synapse-1-0,0.875,0.36879,0.53846,0.73337,0.72465,0.31024,0.81554,
LDJDA,lucene-2-0==>synapse-1-0,lucene-2-0,synapse-1-0,0.875,0.38298,0.5303,0.72371,0.71513,0.3004,0.83573,
LDJDA,lucene-2-2==>synapse-1-0,lucene-2-2,synapse-1-0,0.875,0.38298,0.5303,0.72371,0.71513,0.3004,0.81859,
LDJDA,lucene-2-4==>synapse-1-0,lucene-2-4,synapse-1-0,0.875,0.38298,0.5303,0.72371,0.71513,0.3004,0.8553,
LDJDA,poi-1-5==>synapse-1-0,poi-1-5,synapse-1-0,0.3125,0.3617,0.20833,0.41958,0.45069,-0.031074,0.70749,
LDJDA,poi-2-0==>synapse-1-0,poi-2-0,synapse-1-0,0.875,0.38298,0.5303,0.72371,0.71513,0.3004,0.83973,
LDJDA,poi-3-0==>synapse-1-0,poi-3-0,synapse-1-0,0.75,0.43972,0.43478,0.64141,0.64233,0.18805,0.81263,
LDJDA,tomcat==>synapse-1-0,tomcat,synapse-1-0,0.875,0.34043,0.55556,0.75217,0.74357,0.33084,0.8409,
LDJDA,xerces-1-3==>synapse-1-0,xerces-1-3,synapse-1-0,0.875,0.33333,0.56,0.75676,0.74827,0.3362,0.89894,
LDJDA,xerces-1-4==>synapse-1-0,xerces-1-4,synapse-1-0,0.875,0.3617,0.54264,0.73814,0.7294,0.31527,0.88652,
LDJDA,ant-1-3==>synapse-1-1,ant-1-3,synapse-1-1,0.66667,0.27778,0.61538,0.69333,0.69318,0.35529,0.72978,
LDJDA,ant-1-6==>synapse-1-1,ant-1-6,synapse-1-1,0.66667,0.28395,0.6135,0.69048,0.69037,0.34889,0.65628,
LDJDA,ant-1-7==>synapse-1-1,ant-1-7,synapse-1-1,0.66667,0.28395,0.6135,0.69048,0.69037,0.34889,0.65628,
LDJDA,ivy-1.1==>synapse-1-1,ivy-1.1,synapse-1-1,0.66667,0.29012,0.61162,0.68759,0.68752,0.34255,0.74532,
LDJDA,ivy-2.0==>synapse-1-1,ivy-2.0,synapse-1-1,0.12222,0.1358,0.13612,0.21406,0.37193,-0.017881,0.67109,
LDJDA,jedit-3.2==>synapse-1-1,jedit-3.2,synapse-1-1,0.66667,0.2963,0.60976,0.68468,0.68464,0.33626,0.72472,
LDJDA,jedit-4.0==>synapse-1-1,jedit-4.0,synapse-1-1,0.66667,0.29012,0.61162,0.68759,0.68752,0.34255,0.72216,
LDJDA,jedit-4.1==>synapse-1-1,jedit-4.1,synapse-1-1,0.66667,0.28395,0.6135,0.69048,0.69037,0.34889,0.74843,
LDJDA,jedit-4.2==>synapse-1-1,jedit-4.2,synapse-1-1,0.66667,0.27778,0.61538,0.69333,0.69318,0.35529,0.67947,
LDJDA,log4j-1-0==>synapse-1-1,log4j-1-0,synapse-1-1,0.66667,0.30247,0.6079,0.68175,0.68172,0.33003,0.64587,
LDJDA,log4j-1-1==>synapse-1-1,log4j-1-1,synapse-1-1,0.66667,0.29012,0.61162,0.68759,0.68752,0.34255,0.65702,
LDJDA,lucene-2-0==>synapse-1-1,lucene-2-0,synapse-1-1,0.68333,0.32099,0.61562,0.68117,0.68117,0.32615,0.67721,
LDJDA,lucene-2-2==>synapse-1-1,lucene-2-2,synapse-1-1,0.68333,0.30864,0.61934,0.68732,0.68732,0.33834,0.73078,
LDJDA,lucene-2-4==>synapse-1-1,lucene-2-4,synapse-1-1,0.68333,0.30247,0.62121,0.69036,0.69035,0.3445,0.65448,
LDJDA,poi-1-5==>synapse-1-1,poi-1-5,synapse-1-1,0.66667,0.32716,0.6006,0.66974,0.66974,0.30559,0.61646,
LDJDA,poi-2-0==>synapse-1-1,poi-2-0,synapse-1-1,0.68333,0.30864,0.61934,0.68732,0.68732,0.33834,0.76373,
LDJDA,poi-3-0==>synapse-1-1,poi-3-0,synapse-1-1,0.66667,0.2963,0.60976,0.68468,0.68464,0.33626,0.64877,
LDJDA,tomcat==>synapse-1-1,tomcat,synapse-1-1,0.66667,0.2963,0.60976,0.68468,0.68464,0.33626,0.74043,
LDJDA,xerces-1-3==>synapse-1-1,xerces-1-3,synapse-1-1,0.66667,0.29012,0.61162,0.68759,0.68752,0.34255,0.6558,
LDJDA,xerces-1-4==>synapse-1-1,xerces-1-4,synapse-1-1,0.68333,0.2963,0.6231,0.69337,0.69335,0.35072,0.66327,
LDJDA,ant-1-3==>synapse-1-2,ant-1-3,synapse-1-2,0.63953,0.21176,0.63218,0.70614,0.70438,0.42211,0.7059,
LDJDA,ant-1-6==>synapse-1-2,ant-1-6,synapse-1-2,0.62791,0.19412,0.62645,0.70585,0.70324,0.43256,0.7567,
LDJDA,ant-1-7==>synapse-1-2,ant-1-7,synapse-1-2,0.63953,0.2,0.6351,0.71082,0.70851,0.43593,0.76231,
LDJDA,ivy-1.1==>synapse-1-2,ivy-1.1,synapse-1-2,0.63953,0.21765,0.63073,0.70377,0.70225,0.41529,0.68992,
LDJDA,ivy-2.0==>synapse-1-2,ivy-2.0,synapse-1-2,0.2093,0.076471,0.24,0.34126,0.43828,0.19231,0.76835,
LDJDA,jedit-3.2==>synapse-1-2,jedit-3.2,synapse-1-2,0.62791,0.20588,0.62356,0.7013,0.6993,0.41856,0.75094,
LDJDA,jedit-4.0==>synapse-1-2,jedit-4.0,synapse-1-2,0.62791,0.2,0.625,0.70358,0.70129,0.42553,0.74519,
LDJDA,jedit-4.1==>synapse-1-2,jedit-4.1,synapse-1-2,0.62791,0.2,0.625,0.70358,0.70129,0.42553,0.73618,
LDJDA,jedit-4.2==>synapse-1-2,jedit-4.2,synapse-1-2,0.62791,0.2,0.625,0.70358,0.70129,0.42553,0.76724,
LDJDA,log4j-1-0==>synapse-1-2,log4j-1-0,synapse-1-2,0.63953,0.22353,0.62929,0.70138,0.70008,0.40854,0.75642,
LDJDA,log4j-1-1==>synapse-1-2,log4j-1-1,synapse-1-2,0.62791,0.22353,0.61927,0.69433,0.69306,0.39806,0.74235,
LDJDA,lucene-2-0==>synapse-1-2,lucene-2-0,synapse-1-2,0.63953,0.24706,0.62358,0.69162,0.69099,0.38212,0.72457,
LDJDA,lucene-2-2==>synapse-1-2,lucene-2-2,synapse-1-2,0.63953,0.23529,0.62642,0.69654,0.69562,0.39522,0.71352,
LDJDA,lucene-2-4==>synapse-1-2,lucene-2-4,synapse-1-2,0.63953,0.23529,0.62642,0.69654,0.69562,0.39522,0.74374,
LDJDA,poi-1-5==>synapse-1-2,poi-1-5,synapse-1-2,0.33721,0.43529,0.32438,0.42227,0.4393,-0.094474,0.57912,
LDJDA,poi-2-0==>synapse-1-2,poi-2-0,synapse-1-2,0.63953,0.24706,0.62358,0.69162,0.69099,0.38212,0.71708,
LDJDA,poi-3-0==>synapse-1-2,poi-3-0,synapse-1-2,0.63953,0.22941,0.62785,0.69897,0.69787,0.40185,0.74494,
LDJDA,tomcat==>synapse-1-2,tomcat,synapse-1-2,0.63953,0.20588,0.63364,0.70849,0.70647,0.42898,0.74379,
LDJDA,xerces-1-3==>synapse-1-2,xerces-1-3,synapse-1-2,0.65116,0.21765,0.64073,0.71075,0.70926,0.42574,0.76887,
LDJDA,xerces-1-4==>synapse-1-2,xerces-1-4,synapse-1-2,0.66279,0.24118,0.6448,0.70756,0.70685,0.40968,0.75684,
LDJDA,ant-1-3==>tomcat,ant-1-3,tomcat,0.76234,0.28664,0.49443,0.7305,0.73182,0.28945,0.78236,
LDJDA,ant-1-6==>tomcat,ant-1-6,tomcat,0.77922,0.29449,0.50167,0.74053,0.73974,0.29288,0.77231,
LDJDA,ant-1-7==>tomcat,ant-1-7,tomcat,0.77922,0.29321,0.50251,0.74124,0.74046,0.29391,0.73635,
LDJDA,ivy-1.1==>tomcat,ivy-1.1,tomcat,0.77922,0.29449,0.50167,0.74053,0.73974,0.29288,0.73698,
LDJDA,ivy-2.0==>tomcat,ivy-2.0,tomcat,0.77922,0.29193,0.50336,0.74194,0.74119,0.29493,0.75283,
LDJDA,jedit-3.2==>tomcat,jedit-3.2,tomcat,0.77922,0.28937,0.50505,0.74335,0.74263,0.297,0.78368,
LDJDA,jedit-4.0==>tomcat,jedit-4.0,tomcat,0.77922,0.28937,0.50505,0.74335,0.74263,0.297,0.75292,
LDJDA,jedit-4.1==>tomcat,jedit-4.1,tomcat,0.77922,0.28937,0.50505,0.74335,0.74263,0.297,0.74215,
LDJDA,jedit-4.2==>tomcat,jedit-4.2,tomcat,0.77922,0.28809,0.5059,0.74404,0.74335,0.29803,0.7867,
LDJDA,log4j-1-0==>tomcat,log4j-1-0,tomcat,0.77922,0.29449,0.50167,0.74053,0.73974,0.29288,0.78135,
LDJDA,log4j-1-1==>tomcat,log4j-1-1,tomcat,0.77922,0.29193,0.50336,0.74194,0.74119,0.29493,0.7365,
LDJDA,lucene-2-0==>tomcat,lucene-2-0,tomcat,0.77922,0.29834,0.49917,0.73841,0.73756,0.28984,0.75358,
LDJDA,lucene-2-2==>tomcat,lucene-2-2,tomcat,0.77922,0.29449,0.50167,0.74053,0.73974,0.29288,0.73816,
LDJDA,lucene-2-4==>tomcat,lucene-2-4,tomcat,0.77922,0.29449,0.50167,0.74053,0.73974,0.29288,0.77566,
LDJDA,poi-1-5==>tomcat,poi-1-5,tomcat,0.31169,0.37388,0.19231,0.41619,0.44612,-0.036852,0.62818,
LDJDA,poi-2-0==>tomcat,poi-2-0,tomcat,0.77922,0.29065,0.5042,0.74264,0.74191,0.29596,0.74053,
LDJDA,poi-3-0==>tomcat,poi-3-0,tomcat,0.77922,0.29449,0.50167,0.74053,0.73974,0.29288,0.74084,
LDJDA,synapse-1-0==>tomcat,synapse-1-0,tomcat,0.77922,0.29706,0.5,0.73912,0.73829,0.29085,0.77752,
LDJDA,synapse-1-1==>tomcat,synapse-1-1,tomcat,0.77922,0.29962,0.49834,0.7377,0.73683,0.28883,0.73716,
LDJDA,synapse-1-2==>tomcat,synapse-1-2,tomcat,0.77922,0.29449,0.50167,0.74053,0.73974,0.29288,0.75138,
LDJDA,xerces-1-3==>tomcat,xerces-1-3,tomcat,0.77922,0.29577,0.50083,0.73983,0.73902,0.29186,0.7812,
LDJDA,xerces-1-4==>tomcat,xerces-1-4,tomcat,0.77922,0.30218,0.49669,0.73628,0.73537,0.28682,0.73123,
LDJDA,ant-1-3==>xerces-1-3,ant-1-3,xerces-1-3,0.66667,0.27865,0.53613,0.69293,0.69279,0.29481,0.70769,
LDJDA,ant-1-6==>xerces-1-3,ant-1-6,xerces-1-3,0.62319,0.27083,0.50827,0.67203,0.67187,0.27043,0.68939,
LDJDA,ant-1-7==>xerces-1-3,ant-1-7,xerces-1-3,0.62319,0.26823,0.50948,0.67313,0.67294,0.27291,0.69048,
LDJDA,ivy-1.1==>xerces-1-3,ivy-1.1,xerces-1-3,0.63768,0.27083,0.51887,0.68036,0.68014,0.28106,0.69678,
LDJDA,ivy-2.0==>xerces-1-3,ivy-2.0,xerces-1-3,0.63768,0.27083,0.51887,0.68036,0.68014,0.28106,0.6966,
LDJDA,jedit-3.2==>xerces-1-3,jedit-3.2,xerces-1-3,0.38986,0.17682,0.35212,0.50232,0.54314,0.18608,0.74989,
LDJDA,jedit-4.0==>xerces-1-3,jedit-4.0,xerces-1-3,0.6087,0.27083,0.49763,0.66351,0.6635,0.25977,0.73974,
LDJDA,jedit-4.1==>xerces-1-3,jedit-4.1,xerces-1-3,0.6087,0.27344,0.49645,0.66243,0.66244,0.25731,0.68146,
LDJDA,jedit-4.2==>xerces-1-3,jedit-4.2,xerces-1-3,0.6087,0.27344,0.49645,0.66243,0.66244,0.25731,0.68146,
LDJDA,log4j-1-0==>xerces-1-3,log4j-1-0,xerces-1-3,0.63768,0.27604,0.51643,0.67809,0.67792,0.27612,0.69418,
LDJDA,log4j-1-1==>xerces-1-3,log4j-1-1,xerces-1-3,0.63768,0.27865,0.51522,0.67694,0.6768,0.27368,0.69312,
LDJDA,lucene-2-0==>xerces-1-3,lucene-2-0,xerces-1-3,0.6087,0.27083,0.49763,0.66351,0.6635,0.25977,0.6818,
LDJDA,lucene-2-2==>xerces-1-3,lucene-2-2,xerces-1-3,0.5942,0.27083,0.48694,0.6548,0.65502,0.24907,0.67482,
LDJDA,lucene-2-4==>xerces-1-3,lucene-2-4,xerces-1-3,0.5942,0.27083,0.48694,0.6548,0.65502,0.24907,0.67489,
LDJDA,poi-1-5==>xerces-1-3,poi-1-5,xerces-1-3,0.6087,0.27083,0.49763,0.66351,0.6635,0.25977,0.68388,
LDJDA,poi-2-0==>xerces-1-3,poi-2-0,xerces-1-3,0.6087,0.27083,0.49763,0.66351,0.6635,0.25977,0.68666,
LDJDA,poi-3-0==>xerces-1-3,poi-3-0,xerces-1-3,0.5942,0.26823,0.4881,0.65585,0.65604,0.25154,0.67622,
LDJDA,synapse-1-0==>xerces-1-3,synapse-1-0,xerces-1-3,0.63768,0.27344,0.51765,0.67923,0.67903,0.27858,0.69891,
LDJDA,synapse-1-1==>xerces-1-3,synapse-1-1,xerces-1-3,0.63768,0.27344,0.51765,0.67923,0.67903,0.27858,0.6501,
LDJDA,synapse-1-2==>xerces-1-3,synapse-1-2,xerces-1-3,0.62319,0.26823,0.50948,0.67313,0.67294,0.27291,0.75038,
LDJDA,tomcat==>xerces-1-3,tomcat,xerces-1-3,0.6087,0.27083,0.49763,0.66351,0.6635,0.25977,0.74947,
LDJDA,ant-1-3==>xerces-1-4,ant-1-3,xerces-1-4,0.42105,0.07947,0.47325,0.57781,0.58678,0.31656,0.47224,
LDJDA,ant-1-6==>xerces-1-4,ant-1-6,xerces-1-4,0.41419,0.07947,0.46625,0.57132,0.58197,0.31141,0.46673,
LDJDA,ant-1-7==>xerces-1-4,ant-1-7,xerces-1-4,0.40503,0.099338,0.45619,0.55878,0.57347,0.28479,0.451,
LDJDA,ivy-1.1==>xerces-1-4,ivy-1.1,xerces-1-4,0.42105,0.086093,0.47301,0.5765,0.58612,0.31003,0.47041,
LDJDA,ivy-2.0==>xerces-1-4,ivy-2.0,xerces-1-4,0.40961,0.092715,0.4611,0.56441,0.57742,0.29483,0.45707,
LDJDA,jedit-3.2==>xerces-1-4,jedit-3.2,xerces-1-4,0.40732,0.086093,0.459,0.5635,0.57652,0.29966,0.45739,
LDJDA,jedit-4.0==>xerces-1-4,jedit-4.0,xerces-1-4,0.40275,0.092715,0.45408,0.55786,0.57262,0.28961,0.45121,
LDJDA,jedit-4.1==>xerces-1-4,jedit-4.1,xerces-1-4,0.40732,0.07947,0.45924,0.56475,0.57716,0.30626,0.46051,
LDJDA,jedit-4.2==>xerces-1-4,jedit-4.2,xerces-1-4,0.40732,0.07947,0.45924,0.56475,0.57716,0.30626,0.46051,
LDJDA,log4j-1-0==>xerces-1-4,log4j-1-0,xerces-1-4,0.42563,0.092715,0.47741,0.57943,0.5886,0.30699,0.47011,
LDJDA,log4j-1-1==>xerces-1-4,log4j-1-1,xerces-1-4,0.42334,0.092715,0.47509,0.57731,0.587,0.30526,0.46811,
LDJDA,lucene-2-0==>xerces-1-4,lucene-2-0,xerces-1-4,0.40961,0.086093,0.46134,0.56568,0.57812,0.30139,0.45933,
LDJDA,lucene-2-2==>xerces-1-4,lucene-2-2,xerces-1-4,0.40732,0.099338,0.45853,0.56095,0.57507,0.28654,0.4531,
LDJDA,lucene-2-4==>xerces-1-4,lucene-2-4,xerces-1-4,0.40046,0.099338,0.4515,0.55441,0.57028,0.28129,0.44635,
LDJDA,poi-1-5==>xerces-1-4,poi-1-5,xerces-1-4,0.40732,0.092715,0.45876,0.56223,0.57582,0.29309,0.45453,
LDJDA,poi-2-0==>xerces-1-4,poi-2-0,xerces-1-4,0.4119,0.086093,0.46368,0.56786,0.57972,0.30312,0.46038,
LDJDA,poi-3-0==>xerces-1-4,poi-3-0,xerces-1-4,0.40046,0.099338,0.4515,0.55441,0.57028,0.28129,0.44653,
LDJDA,synapse-1-0==>xerces-1-4,synapse-1-0,xerces-1-4,0.42334,0.092715,0.47509,0.57731,0.587,0.30526,0.47011,
LDJDA,synapse-1-1==>xerces-1-4,synapse-1-1,xerces-1-4,0.42334,0.092715,0.47509,0.57731,0.587,0.30526,0.46817,
LDJDA,synapse-1-2==>xerces-1-4,synapse-1-2,xerces-1-4,0.41419,0.092715,0.46577,0.56874,0.58061,0.2983,0.46039,
LDJDA,tomcat==>xerces-1-4,tomcat,xerces-1-4,0.40503,0.099338,0.45619,0.55878,0.57347,0.28479,0.45029,
